{"cameraMode":{"drawMode":0,"name":"Shaded","section":"Shading Mode"},"sceneLighting":true,"audioPlay":false,"sceneViewState":{"showFog":true,"showMaterialUpdate":false,"showSkybox":true,"showFlares":true,"showImageEffects":true,"showParticleSystems":true},"in2DMode":false,"pivot":{"x":-4.34967041015625,"y":-5.0362749099731449,"z":7.864587783813477},"rotation":{"x":0.2505076825618744,"y":-0.2558879554271698,"z":0.06884193420410156,"w":0.9311439990997315},"size":14.2210054397583,"orthographic":false}